<?xml version="1.0" encoding="UTF-8"?>
<jcr:root xmlns:sling="http://sling.apache.org/jcr/sling/1.0" xmlns:jcr="http://www.jcp.org/jcr/1.0" xmlns:nt="http://www.jcp.org/jcr/nt/1.0"
    jcr:mixinTypes="[]"
    jcr:primaryType="sling:OrderedFolder">
    <jcr:content jcr:primaryType="nt:unstructured"/>
    <awaan-logo.png/>
    <arabi-logo-blue.png/>
    <Dubai-Racing.png/>
    <AlBayan.png/>
    <dubai-radio.png/>
    <Dubai-sports.png/>
    <DubaiTV.png/>
    <Dubai-zaman.png/>
    <EmaratAlYoum.png/>
    <emirates-247.png/>
    <icon_advert_en.png/>
    <icon_archive_en.png/>
    <icon_broadcastservices_en.png/>
    <icon_digitalcoverage_en.png/>
    <icon_mediacoverage_en.png/>
    <icon_recruitment_en.png/>
    <icon_training_en.png/>
    <logo-dubai.ae.png/>
    <masarprint.png/>
    <moujah.png/>
    <NoorDubai.png/>
    <noordubai-radio.png/>
    <OneTV.png/>
    <Sama.png/>
    <tawseel.png/>
    <yoz.png/>
    <icon_advert_ar.png/>
    <icon_archive_ar.png/>
    <icon_broadcastservices_ar.png/>
    <icon_digitalcoverage_ar.png/>
    <icon_mediacoverage_ar.png/>
    <icon_training_ar.png/>
    <icon_recruitment_ar.png/>
    <slide1.jpg/>
    <down_arrow.png/>
    <dmi-logo-white.png/>
    <Banner-YearOfZayed.png/>
    <banner-expo.png/>
    <logo-dubaigovt.png/>
    <dubai-careers.jpg/>
    <alameen_logo.jpg/>
    <ecomplain_logo.jpg/>
    <esuggest_logo.jpg/>
    <_x0034_.jpg/>
    <_x0036_.jpg/>
    <_x0035_.jpg/>
    <_x0037_.jpg/>
    <_x0038_.jpg/>
    <_x0039_.jpg/>
    <_x0031_0.jpg/>
    <_x0031_1.jpg/>
    <_x0031_2.jpg/>
    <_x0031_3.jpg/>
    <_x0031_4.jpg/>
    <_x0031_5.jpg/>
    <_x0031_6.jpg/>
    <_x0031_7.jpg/>
    <_x0031_8.jpg/>
    <_x0032_0.jpg/>
    <_x0032_2.jpg/>
    <_x0032_3.jpg/>
    <_x0032_4.jpg/>
    <_x0032_5.jpg/>
    <_x0032_8.jpg/>
    <_x0032_9.jpg/>
    <_x0033_0.jpg/>
    <dmi.png/>
</jcr:root>
